{"root":[{"assemblyName":"Inputter.Runtime","nameSpace":"LogitechG29.Runtime","className":"ExtensionProcessor","methodName":"Initialize","loadTypes":0,"isUnityClass":false},{"assemblyName":"Inputter.Runtime","nameSpace":"LogitechG29.Runtime","className":"LogitechG29","methodName":"Init","loadTypes":4,"isUnityClass":false},{"assemblyName":"Inputter.Runtime","nameSpace":"LogitechG29.Runtime","className":"MaxProcessor","methodName":"Initialize","loadTypes":0,"isUnityClass":false},{"assemblyName":"Inputter.Runtime","nameSpace":"LogitechG29.Runtime","className":"MinProcessor","methodName":"Initialize","loadTypes":0,"isUnityClass":false},{"assemblyName":"Inputter.Runtime","nameSpace":"LogitechG29.Runtime","className":"OneMinusProcessor","methodName":"Initialize","loadTypes":1,"isUnityClass":false},{"assemblyName":"Unity.InputSystem","nameSpace":"UnityEngine.InputSystem","className":"InputSystem","methodName":"RunInitializeInPlayer","loadTypes":4,"isUnityClass":true},{"assemblyName":"Unity.InputSystem","nameSpace":"UnityEngine.InputSystem","className":"InputSystem","methodName":"RunInitialUpdate","loadTypes":1,"isUnityClass":true},{"assemblyName":"Unity.VisualScripting.Core","nameSpace":"Unity.VisualScripting","className":"RuntimeVSUsageUtility","methodName":"RuntimeInitializeOnLoadBeforeSceneLoad","loadTypes":1,"isUnityClass":true},{"assemblyName":"Unity.XR.Management","nameSpace":"UnityEngine.XR.Management","className":"XRGeneralSettings","methodName":"AttemptInitializeXRSDKOnLoad","loadTypes":2,"isUnityClass":true},{"assemblyName":"Unity.XR.Management","nameSpace":"UnityEngine.XR.Management","className":"XRGeneralSettings","methodName":"AttemptStartXRSDKOnBeforeSplashScreen","loadTypes":3,"isUnityClass":true},{"assemblyName":"Unity.XR.Oculus","nameSpace":"Unity.XR.Oculus","className":"OculusLoader","methodName":"RuntimeLoadOVRPlugin","loadTypes":2,"isUnityClass":true}]}
